Kp,Settling_Time_s,Overshoot_percent,Steady_State_Error_percent,Is_Stable
1.000,4.999000,48.475,21.001,STABLE
5.000,4.855000,27.840,0.241,STABLE
10.000,4.729000,19.800,0.123,STABLE
15.000,4.176000,19.776,0.217,STABLE
20.000,3.844000,22.281,0.975,STABLE
50.000,4.999000,39.256,2.156,STABLE
